--
-- PostgreSQL database dump
--

\restrict dciOSO5InFbdp26rkQCFHXHkPuByhEpKt8xfoPiWBcxrExe2byd9xt1g1fIqUOd

-- Dumped from database version 14.21 (Homebrew)
-- Dumped by pg_dump version 14.21 (Homebrew)

SET statement_timeout = 0;
SET lock_timeout = 0;
SET idle_in_transaction_session_timeout = 0;
SET client_encoding = 'UTF8';
SET standard_conforming_strings = on;
SELECT pg_catalog.set_config('search_path', '', false);
SET check_function_bodies = false;
SET xmloption = content;
SET client_min_messages = warning;
SET row_security = off;

SET default_tablespace = '';

SET default_table_access_method = heap;

--
-- Name: auth_group; Type: TABLE; Schema: public; Owner: apple
--

CREATE TABLE public.auth_group (
    id integer NOT NULL,
    name character varying(150) NOT NULL
);


ALTER TABLE public.auth_group OWNER TO apple;

--
-- Name: auth_group_id_seq; Type: SEQUENCE; Schema: public; Owner: apple
--

ALTER TABLE public.auth_group ALTER COLUMN id ADD GENERATED BY DEFAULT AS IDENTITY (
    SEQUENCE NAME public.auth_group_id_seq
    START WITH 1
    INCREMENT BY 1
    NO MINVALUE
    NO MAXVALUE
    CACHE 1
);


--
-- Name: auth_group_permissions; Type: TABLE; Schema: public; Owner: apple
--

CREATE TABLE public.auth_group_permissions (
    id bigint NOT NULL,
    group_id integer NOT NULL,
    permission_id integer NOT NULL
);


ALTER TABLE public.auth_group_permissions OWNER TO apple;

--
-- Name: auth_group_permissions_id_seq; Type: SEQUENCE; Schema: public; Owner: apple
--

ALTER TABLE public.auth_group_permissions ALTER COLUMN id ADD GENERATED BY DEFAULT AS IDENTITY (
    SEQUENCE NAME public.auth_group_permissions_id_seq
    START WITH 1
    INCREMENT BY 1
    NO MINVALUE
    NO MAXVALUE
    CACHE 1
);


--
-- Name: auth_permission; Type: TABLE; Schema: public; Owner: apple
--

CREATE TABLE public.auth_permission (
    id integer NOT NULL,
    name character varying(255) NOT NULL,
    content_type_id integer NOT NULL,
    codename character varying(100) NOT NULL
);


ALTER TABLE public.auth_permission OWNER TO apple;

--
-- Name: auth_permission_id_seq; Type: SEQUENCE; Schema: public; Owner: apple
--

ALTER TABLE public.auth_permission ALTER COLUMN id ADD GENERATED BY DEFAULT AS IDENTITY (
    SEQUENCE NAME public.auth_permission_id_seq
    START WITH 1
    INCREMENT BY 1
    NO MINVALUE
    NO MAXVALUE
    CACHE 1
);


--
-- Name: auth_user; Type: TABLE; Schema: public; Owner: apple
--

CREATE TABLE public.auth_user (
    id integer NOT NULL,
    password character varying(128) NOT NULL,
    last_login timestamp with time zone,
    is_superuser boolean NOT NULL,
    username character varying(150) NOT NULL,
    first_name character varying(150) NOT NULL,
    last_name character varying(150) NOT NULL,
    email character varying(254) NOT NULL,
    is_staff boolean NOT NULL,
    is_active boolean NOT NULL,
    date_joined timestamp with time zone NOT NULL
);


ALTER TABLE public.auth_user OWNER TO apple;

--
-- Name: auth_user_groups; Type: TABLE; Schema: public; Owner: apple
--

CREATE TABLE public.auth_user_groups (
    id bigint NOT NULL,
    user_id integer NOT NULL,
    group_id integer NOT NULL
);


ALTER TABLE public.auth_user_groups OWNER TO apple;

--
-- Name: auth_user_groups_id_seq; Type: SEQUENCE; Schema: public; Owner: apple
--

ALTER TABLE public.auth_user_groups ALTER COLUMN id ADD GENERATED BY DEFAULT AS IDENTITY (
    SEQUENCE NAME public.auth_user_groups_id_seq
    START WITH 1
    INCREMENT BY 1
    NO MINVALUE
    NO MAXVALUE
    CACHE 1
);


--
-- Name: auth_user_id_seq; Type: SEQUENCE; Schema: public; Owner: apple
--

ALTER TABLE public.auth_user ALTER COLUMN id ADD GENERATED BY DEFAULT AS IDENTITY (
    SEQUENCE NAME public.auth_user_id_seq
    START WITH 1
    INCREMENT BY 1
    NO MINVALUE
    NO MAXVALUE
    CACHE 1
);


--
-- Name: auth_user_user_permissions; Type: TABLE; Schema: public; Owner: apple
--

CREATE TABLE public.auth_user_user_permissions (
    id bigint NOT NULL,
    user_id integer NOT NULL,
    permission_id integer NOT NULL
);


ALTER TABLE public.auth_user_user_permissions OWNER TO apple;

--
-- Name: auth_user_user_permissions_id_seq; Type: SEQUENCE; Schema: public; Owner: apple
--

ALTER TABLE public.auth_user_user_permissions ALTER COLUMN id ADD GENERATED BY DEFAULT AS IDENTITY (
    SEQUENCE NAME public.auth_user_user_permissions_id_seq
    START WITH 1
    INCREMENT BY 1
    NO MINVALUE
    NO MAXVALUE
    CACHE 1
);


--
-- Name: django_admin_log; Type: TABLE; Schema: public; Owner: apple
--

CREATE TABLE public.django_admin_log (
    id integer NOT NULL,
    action_time timestamp with time zone NOT NULL,
    object_id text,
    object_repr character varying(200) NOT NULL,
    action_flag smallint NOT NULL,
    change_message text NOT NULL,
    content_type_id integer,
    user_id integer NOT NULL,
    CONSTRAINT django_admin_log_action_flag_check CHECK ((action_flag >= 0))
);


ALTER TABLE public.django_admin_log OWNER TO apple;

--
-- Name: django_admin_log_id_seq; Type: SEQUENCE; Schema: public; Owner: apple
--

ALTER TABLE public.django_admin_log ALTER COLUMN id ADD GENERATED BY DEFAULT AS IDENTITY (
    SEQUENCE NAME public.django_admin_log_id_seq
    START WITH 1
    INCREMENT BY 1
    NO MINVALUE
    NO MAXVALUE
    CACHE 1
);


--
-- Name: django_content_type; Type: TABLE; Schema: public; Owner: apple
--

CREATE TABLE public.django_content_type (
    id integer NOT NULL,
    app_label character varying(100) NOT NULL,
    model character varying(100) NOT NULL
);


ALTER TABLE public.django_content_type OWNER TO apple;

--
-- Name: django_content_type_id_seq; Type: SEQUENCE; Schema: public; Owner: apple
--

ALTER TABLE public.django_content_type ALTER COLUMN id ADD GENERATED BY DEFAULT AS IDENTITY (
    SEQUENCE NAME public.django_content_type_id_seq
    START WITH 1
    INCREMENT BY 1
    NO MINVALUE
    NO MAXVALUE
    CACHE 1
);


--
-- Name: django_migrations; Type: TABLE; Schema: public; Owner: apple
--

CREATE TABLE public.django_migrations (
    id bigint NOT NULL,
    app character varying(255) NOT NULL,
    name character varying(255) NOT NULL,
    applied timestamp with time zone NOT NULL
);


ALTER TABLE public.django_migrations OWNER TO apple;

--
-- Name: django_migrations_id_seq; Type: SEQUENCE; Schema: public; Owner: apple
--

ALTER TABLE public.django_migrations ALTER COLUMN id ADD GENERATED BY DEFAULT AS IDENTITY (
    SEQUENCE NAME public.django_migrations_id_seq
    START WITH 1
    INCREMENT BY 1
    NO MINVALUE
    NO MAXVALUE
    CACHE 1
);


--
-- Name: django_session; Type: TABLE; Schema: public; Owner: apple
--

CREATE TABLE public.django_session (
    session_key character varying(40) NOT NULL,
    session_data text NOT NULL,
    expire_date timestamp with time zone NOT NULL
);


ALTER TABLE public.django_session OWNER TO apple;

--
-- Name: main_application; Type: TABLE; Schema: public; Owner: apple
--

CREATE TABLE public.main_application (
    id bigint NOT NULL,
    status character varying(50) NOT NULL,
    applied_at timestamp with time zone NOT NULL,
    candidate_id bigint NOT NULL,
    job_id bigint NOT NULL,
    resume character varying(100)
);


ALTER TABLE public.main_application OWNER TO apple;

--
-- Name: main_application_id_seq; Type: SEQUENCE; Schema: public; Owner: apple
--

ALTER TABLE public.main_application ALTER COLUMN id ADD GENERATED BY DEFAULT AS IDENTITY (
    SEQUENCE NAME public.main_application_id_seq
    START WITH 1
    INCREMENT BY 1
    NO MINVALUE
    NO MAXVALUE
    CACHE 1
);


--
-- Name: main_auditlog; Type: TABLE; Schema: public; Owner: postgres
--

CREATE TABLE public.main_auditlog (
    id bigint NOT NULL,
    action character varying(50) NOT NULL,
    resource_type character varying(100) NOT NULL,
    resource_id integer,
    details text,
    status character varying(20) NOT NULL,
    ip_address inet,
    "timestamp" timestamp with time zone NOT NULL,
    user_id integer
);


ALTER TABLE public.main_auditlog OWNER TO postgres;

--
-- Name: main_auditlog_id_seq; Type: SEQUENCE; Schema: public; Owner: postgres
--

ALTER TABLE public.main_auditlog ALTER COLUMN id ADD GENERATED BY DEFAULT AS IDENTITY (
    SEQUENCE NAME public.main_auditlog_id_seq
    START WITH 1
    INCREMENT BY 1
    NO MINVALUE
    NO MAXVALUE
    CACHE 1
);


--
-- Name: main_candidate; Type: TABLE; Schema: public; Owner: apple
--

CREATE TABLE public.main_candidate (
    id bigint NOT NULL,
    phone character varying(20) NOT NULL,
    resume character varying(100) NOT NULL,
    skills text NOT NULL,
    experience integer NOT NULL,
    created_at timestamp with time zone NOT NULL,
    user_id integer NOT NULL,
    profile_picture character varying(100),
    location character varying(255)
);


ALTER TABLE public.main_candidate OWNER TO apple;

--
-- Name: main_candidate_id_seq; Type: SEQUENCE; Schema: public; Owner: apple
--

ALTER TABLE public.main_candidate ALTER COLUMN id ADD GENERATED BY DEFAULT AS IDENTITY (
    SEQUENCE NAME public.main_candidate_id_seq
    START WITH 1
    INCREMENT BY 1
    NO MINVALUE
    NO MAXVALUE
    CACHE 1
);


--
-- Name: main_client; Type: TABLE; Schema: public; Owner: apple
--

CREATE TABLE public.main_client (
    id bigint NOT NULL,
    company_name character varying(255) NOT NULL,
    contact_number character varying(20) NOT NULL,
    created_at timestamp with time zone NOT NULL,
    user_id integer NOT NULL,
    profile_picture character varying(100),
    company_logo character varying(100)
);


ALTER TABLE public.main_client OWNER TO apple;

--
-- Name: main_client_id_seq; Type: SEQUENCE; Schema: public; Owner: apple
--

ALTER TABLE public.main_client ALTER COLUMN id ADD GENERATED BY DEFAULT AS IDENTITY (
    SEQUENCE NAME public.main_client_id_seq
    START WITH 1
    INCREMENT BY 1
    NO MINVALUE
    NO MAXVALUE
    CACHE 1
);


--
-- Name: main_clientfeedback; Type: TABLE; Schema: public; Owner: apple
--

CREATE TABLE public.main_clientfeedback (
    id bigint NOT NULL,
    feedback text NOT NULL,
    created_at timestamp with time zone NOT NULL,
    candidate_id bigint NOT NULL,
    job_id bigint NOT NULL
);


ALTER TABLE public.main_clientfeedback OWNER TO apple;

--
-- Name: main_clientfeedback_id_seq; Type: SEQUENCE; Schema: public; Owner: apple
--

ALTER TABLE public.main_clientfeedback ALTER COLUMN id ADD GENERATED BY DEFAULT AS IDENTITY (
    SEQUENCE NAME public.main_clientfeedback_id_seq
    START WITH 1
    INCREMENT BY 1
    NO MINVALUE
    NO MAXVALUE
    CACHE 1
);


--
-- Name: main_clientperformance; Type: TABLE; Schema: public; Owner: postgres
--

CREATE TABLE public.main_clientperformance (
    id bigint NOT NULL,
    total_jobs_posted integer NOT NULL,
    total_applications_received integer NOT NULL,
    total_hires integer NOT NULL,
    average_time_to_hire integer NOT NULL,
    new_hire_feedback_rating double precision NOT NULL,
    new_hire_retention_days integer NOT NULL,
    last_updated timestamp with time zone NOT NULL,
    client_id bigint NOT NULL
);


ALTER TABLE public.main_clientperformance OWNER TO postgres;

--
-- Name: main_clientperformance_id_seq; Type: SEQUENCE; Schema: public; Owner: postgres
--

ALTER TABLE public.main_clientperformance ALTER COLUMN id ADD GENERATED BY DEFAULT AS IDENTITY (
    SEQUENCE NAME public.main_clientperformance_id_seq
    START WITH 1
    INCREMENT BY 1
    NO MINVALUE
    NO MAXVALUE
    CACHE 1
);


--
-- Name: main_feedback; Type: TABLE; Schema: public; Owner: apple
--

CREATE TABLE public.main_feedback (
    id bigint NOT NULL,
    message text NOT NULL,
    rating integer,
    user_id integer NOT NULL,
    created_at timestamp with time zone
);


ALTER TABLE public.main_feedback OWNER TO apple;

--
-- Name: main_feedback_id_seq; Type: SEQUENCE; Schema: public; Owner: apple
--

ALTER TABLE public.main_feedback ALTER COLUMN id ADD GENERATED BY DEFAULT AS IDENTITY (
    SEQUENCE NAME public.main_feedback_id_seq
    START WITH 1
    INCREMENT BY 1
    NO MINVALUE
    NO MAXVALUE
    CACHE 1
);


--
-- Name: main_interview; Type: TABLE; Schema: public; Owner: apple
--

CREATE TABLE public.main_interview (
    id bigint NOT NULL,
    interview_date timestamp with time zone,
    candidate_id bigint NOT NULL,
    job_id bigint NOT NULL,
    scheduled_by_id integer NOT NULL,
    application_id bigint,
    mode character varying(50) NOT NULL
);


ALTER TABLE public.main_interview OWNER TO apple;

--
-- Name: main_interview_id_seq; Type: SEQUENCE; Schema: public; Owner: apple
--

ALTER TABLE public.main_interview ALTER COLUMN id ADD GENERATED BY DEFAULT AS IDENTITY (
    SEQUENCE NAME public.main_interview_id_seq
    START WITH 1
    INCREMENT BY 1
    NO MINVALUE
    NO MAXVALUE
    CACHE 1
);


--
-- Name: main_job; Type: TABLE; Schema: public; Owner: apple
--

CREATE TABLE public.main_job (
    id bigint NOT NULL,
    title character varying(255) NOT NULL,
    description text NOT NULL,
    location character varying(255),
    client_id bigint NOT NULL,
    created_at timestamp with time zone NOT NULL,
    job_type character varying(50),
    salary character varying(100) NOT NULL,
    is_active boolean NOT NULL
);


ALTER TABLE public.main_job OWNER TO apple;

--
-- Name: main_job_id_seq; Type: SEQUENCE; Schema: public; Owner: apple
--

ALTER TABLE public.main_job ALTER COLUMN id ADD GENERATED BY DEFAULT AS IDENTITY (
    SEQUENCE NAME public.main_job_id_seq
    START WITH 1
    INCREMENT BY 1
    NO MINVALUE
    NO MAXVALUE
    CACHE 1
);


--
-- Name: main_jobapproval; Type: TABLE; Schema: public; Owner: apple
--

CREATE TABLE public.main_jobapproval (
    id bigint NOT NULL,
    is_approved boolean NOT NULL,
    approved_by_id integer NOT NULL,
    job_id bigint NOT NULL
);


ALTER TABLE public.main_jobapproval OWNER TO apple;

--
-- Name: main_jobapproval_id_seq; Type: SEQUENCE; Schema: public; Owner: apple
--

ALTER TABLE public.main_jobapproval ALTER COLUMN id ADD GENERATED BY DEFAULT AS IDENTITY (
    SEQUENCE NAME public.main_jobapproval_id_seq
    START WITH 1
    INCREMENT BY 1
    NO MINVALUE
    NO MAXVALUE
    CACHE 1
);


--
-- Name: main_pipelinemetrics; Type: TABLE; Schema: public; Owner: postgres
--

CREATE TABLE public.main_pipelinemetrics (
    id bigint NOT NULL,
    date date NOT NULL,
    total_applications integer NOT NULL,
    applied integer NOT NULL,
    shortlisted integer NOT NULL,
    interviewed integer NOT NULL,
    offered integer NOT NULL,
    hired integer NOT NULL,
    rejected integer NOT NULL,
    total_jobs_open integer NOT NULL,
    total_jobs_filled integer NOT NULL,
    total_jobs_closed integer NOT NULL,
    application_to_interview_rate double precision NOT NULL,
    interview_to_offer_rate double precision NOT NULL,
    offer_to_hire_rate double precision NOT NULL,
    "timestamp" timestamp with time zone NOT NULL
);


ALTER TABLE public.main_pipelinemetrics OWNER TO postgres;

--
-- Name: main_pipelinemetrics_id_seq; Type: SEQUENCE; Schema: public; Owner: postgres
--

ALTER TABLE public.main_pipelinemetrics ALTER COLUMN id ADD GENERATED BY DEFAULT AS IDENTITY (
    SEQUENCE NAME public.main_pipelinemetrics_id_seq
    START WITH 1
    INCREMENT BY 1
    NO MINVALUE
    NO MAXVALUE
    CACHE 1
);


--
-- Name: main_placementtracker; Type: TABLE; Schema: public; Owner: postgres
--

CREATE TABLE public.main_placementtracker (
    id bigint NOT NULL,
    status character varying(20) NOT NULL,
    total_applications integer NOT NULL,
    total_shortlisted integer NOT NULL,
    total_interviewed integer NOT NULL,
    total_offered integer NOT NULL,
    hiring_date timestamp with time zone,
    days_to_fill integer,
    created_at timestamp with time zone NOT NULL,
    updated_at timestamp with time zone NOT NULL,
    hired_candidate_id bigint,
    job_id bigint NOT NULL
);


ALTER TABLE public.main_placementtracker OWNER TO postgres;

--
-- Name: main_placementtracker_id_seq; Type: SEQUENCE; Schema: public; Owner: postgres
--

ALTER TABLE public.main_placementtracker ALTER COLUMN id ADD GENERATED BY DEFAULT AS IDENTITY (
    SEQUENCE NAME public.main_placementtracker_id_seq
    START WITH 1
    INCREMENT BY 1
    NO MINVALUE
    NO MAXVALUE
    CACHE 1
);


--
-- Name: main_recruiternote; Type: TABLE; Schema: public; Owner: apple
--

CREATE TABLE public.main_recruiternote (
    id bigint NOT NULL,
    note text NOT NULL,
    candidate_id bigint NOT NULL,
    created_at timestamp with time zone
);


ALTER TABLE public.main_recruiternote OWNER TO apple;

--
-- Name: main_recruiternote_id_seq; Type: SEQUENCE; Schema: public; Owner: apple
--

ALTER TABLE public.main_recruiternote ALTER COLUMN id ADD GENERATED BY DEFAULT AS IDENTITY (
    SEQUENCE NAME public.main_recruiternote_id_seq
    START WITH 1
    INCREMENT BY 1
    NO MINVALUE
    NO MAXVALUE
    CACHE 1
);


--
-- Name: main_recruiterperformance; Type: TABLE; Schema: public; Owner: postgres
--

CREATE TABLE public.main_recruiterperformance (
    id bigint NOT NULL,
    total_jobs_posted integer NOT NULL,
    total_applications_received integer NOT NULL,
    total_hires integer NOT NULL,
    average_time_to_hire integer NOT NULL,
    average_cost_per_hire double precision NOT NULL,
    offer_acceptance_rate double precision NOT NULL,
    retention_rate_3_months double precision NOT NULL,
    retention_rate_6_months double precision NOT NULL,
    last_updated timestamp with time zone NOT NULL,
    recruiter_id integer NOT NULL
);


ALTER TABLE public.main_recruiterperformance OWNER TO postgres;

--
-- Name: main_recruiterperformance_id_seq; Type: SEQUENCE; Schema: public; Owner: postgres
--

ALTER TABLE public.main_recruiterperformance ALTER COLUMN id ADD GENERATED BY DEFAULT AS IDENTITY (
    SEQUENCE NAME public.main_recruiterperformance_id_seq
    START WITH 1
    INCREMENT BY 1
    NO MINVALUE
    NO MAXVALUE
    CACHE 1
);


--
-- Name: main_stakeholder; Type: TABLE; Schema: public; Owner: apple
--

CREATE TABLE public.main_stakeholder (
    id bigint NOT NULL,
    role character varying(20) NOT NULL,
    user_id integer NOT NULL
);


ALTER TABLE public.main_stakeholder OWNER TO apple;

--
-- Name: main_stakeholder_id_seq; Type: SEQUENCE; Schema: public; Owner: apple
--

ALTER TABLE public.main_stakeholder ALTER COLUMN id ADD GENERATED BY DEFAULT AS IDENTITY (
    SEQUENCE NAME public.main_stakeholder_id_seq
    START WITH 1
    INCREMENT BY 1
    NO MINVALUE
    NO MAXVALUE
    CACHE 1
);


--
-- Name: main_systemmetrics; Type: TABLE; Schema: public; Owner: postgres
--

CREATE TABLE public.main_systemmetrics (
    id bigint NOT NULL,
    "timestamp" timestamp with time zone NOT NULL,
    total_active_users integer NOT NULL,
    total_candidates integer NOT NULL,
    total_clients integer NOT NULL,
    daily_active_users integer NOT NULL,
    total_page_views integer NOT NULL,
    average_session_duration integer NOT NULL,
    slow_requests_count integer NOT NULL,
    failed_requests_count integer NOT NULL
);


ALTER TABLE public.main_systemmetrics OWNER TO postgres;

--
-- Name: main_systemmetrics_id_seq; Type: SEQUENCE; Schema: public; Owner: postgres
--

ALTER TABLE public.main_systemmetrics ALTER COLUMN id ADD GENERATED BY DEFAULT AS IDENTITY (
    SEQUENCE NAME public.main_systemmetrics_id_seq
    START WITH 1
    INCREMENT BY 1
    NO MINVALUE
    NO MAXVALUE
    CACHE 1
);


--
-- Data for Name: auth_group; Type: TABLE DATA; Schema: public; Owner: apple
--

COPY public.auth_group (id, name) FROM stdin;
\.


--
-- Data for Name: auth_group_permissions; Type: TABLE DATA; Schema: public; Owner: apple
--

COPY public.auth_group_permissions (id, group_id, permission_id) FROM stdin;
\.


--
-- Data for Name: auth_permission; Type: TABLE DATA; Schema: public; Owner: apple
--

COPY public.auth_permission (id, name, content_type_id, codename) FROM stdin;
1	Can add log entry	1	add_logentry
2	Can change log entry	1	change_logentry
3	Can delete log entry	1	delete_logentry
4	Can view log entry	1	view_logentry
5	Can add permission	2	add_permission
6	Can change permission	2	change_permission
7	Can delete permission	2	delete_permission
8	Can view permission	2	view_permission
9	Can add group	3	add_group
10	Can change group	3	change_group
11	Can delete group	3	delete_group
12	Can view group	3	view_group
13	Can add user	4	add_user
14	Can change user	4	change_user
15	Can delete user	4	delete_user
16	Can view user	4	view_user
17	Can add content type	5	add_contenttype
18	Can change content type	5	change_contenttype
19	Can delete content type	5	delete_contenttype
20	Can view content type	5	view_contenttype
21	Can add session	6	add_session
22	Can change session	6	change_session
23	Can delete session	6	delete_session
24	Can view session	6	view_session
25	Can add Candidate	7	add_candidate
26	Can change Candidate	7	change_candidate
27	Can delete Candidate	7	delete_candidate
28	Can view Candidate	7	view_candidate
29	Can add Client	8	add_client
30	Can change Client	8	change_client
31	Can delete Client	8	delete_client
32	Can view Client	8	view_client
33	Can add Job	9	add_job
34	Can change Job	9	change_job
35	Can delete Job	9	delete_job
36	Can view Job	9	view_job
37	Can add Application	10	add_application
38	Can change Application	10	change_application
39	Can delete Application	10	delete_application
40	Can view Application	10	view_application
41	Can add Stakeholder	11	add_stakeholder
42	Can change Stakeholder	11	change_stakeholder
43	Can delete Stakeholder	11	delete_stakeholder
44	Can view Stakeholder	11	view_stakeholder
45	Can add Client Feedback	12	add_clientfeedback
46	Can change Client Feedback	12	change_clientfeedback
47	Can delete Client Feedback	12	delete_clientfeedback
48	Can view Client Feedback	12	view_clientfeedback
49	Can add Interview	13	add_interview
50	Can change Interview	13	change_interview
51	Can delete Interview	13	delete_interview
52	Can view Interview	13	view_interview
53	Can add Job Approval	14	add_jobapproval
54	Can change Job Approval	14	change_jobapproval
55	Can delete Job Approval	14	delete_jobapproval
56	Can view Job Approval	14	view_jobapproval
57	Can add Recruiter Note	15	add_recruiternote
58	Can change Recruiter Note	15	change_recruiternote
59	Can delete Recruiter Note	15	delete_recruiternote
60	Can view Recruiter Note	15	view_recruiternote
61	Can add Feedback	16	add_feedback
62	Can change Feedback	16	change_feedback
63	Can delete Feedback	16	delete_feedback
64	Can view Feedback	16	view_feedback
65	Can add Audit Log	17	add_auditlog
66	Can change Audit Log	17	change_auditlog
67	Can delete Audit Log	17	delete_auditlog
68	Can view Audit Log	17	view_auditlog
69	Can add Client Performance	18	add_clientperformance
70	Can change Client Performance	18	change_clientperformance
71	Can delete Client Performance	18	delete_clientperformance
72	Can view Client Performance	18	view_clientperformance
73	Can add Pipeline Metrics	19	add_pipelinemetrics
74	Can change Pipeline Metrics	19	change_pipelinemetrics
75	Can delete Pipeline Metrics	19	delete_pipelinemetrics
76	Can view Pipeline Metrics	19	view_pipelinemetrics
77	Can add Placement Tracker	20	add_placementtracker
78	Can change Placement Tracker	20	change_placementtracker
79	Can delete Placement Tracker	20	delete_placementtracker
80	Can view Placement Tracker	20	view_placementtracker
81	Can add Recruiter Performance	21	add_recruiterperformance
82	Can change Recruiter Performance	21	change_recruiterperformance
83	Can delete Recruiter Performance	21	delete_recruiterperformance
84	Can view Recruiter Performance	21	view_recruiterperformance
85	Can add System Metrics	22	add_systemmetrics
86	Can change System Metrics	22	change_systemmetrics
87	Can delete System Metrics	22	delete_systemmetrics
88	Can view System Metrics	22	view_systemmetrics
\.


--
-- Data for Name: auth_user; Type: TABLE DATA; Schema: public; Owner: apple
--

COPY public.auth_user (id, password, last_login, is_superuser, username, first_name, last_name, email, is_staff, is_active, date_joined) FROM stdin;
3	argon2$argon2id$v=19$m=102400,t=2,p=8$aFZsb3I3ODZaeDRiYTlROEVzUzU5Rg$VP2SXkqCKmf1OJAn5Q97t07iUIUmaDnHQO32Yu6/Pqc	2026-02-20 15:51:24.993536+05:30	f	client1				f	t	2026-02-20 15:50:49.835922+05:30
2	argon2$argon2id$v=19$m=102400,t=2,p=8$WDdRNmJoNDNyUUpSdHJqNTBLd2VISQ$Wo4lvNabyuhJMI9sKKi1NWDzGQZpjIhsji0FbvuNBgI	2026-02-20 16:08:37.176674+05:30	f	candidate1				f	t	2026-02-20 15:11:03.743847+05:30
1	argon2$argon2id$v=19$m=102400,t=2,p=8$TDRsVE9tUUtvckxsQ0w0Mlp1bkRSMQ$a6NtHA9jbuibCrIk23FUhwnhdvleEoO6LvhuEuVUpo8	2026-02-20 16:08:59.815532+05:30	t	yogesh			yogesh@gmail.com	t	t	2026-02-19 16:09:19.75307+05:30
4	argon2$argon2id$v=19$m=102400,t=2,p=8$VTlOV0N4NlJFblhPZktJS1UwM1Jaaw$Vb5kTLfd5DDqvHxjRfs3CUKgUi6zTF7ko9+DVZOGyj0	2026-02-20 16:13:10.665209+05:30	f	recruiter1				f	t	2026-02-20 15:55:31.480919+05:30
\.


--
-- Data for Name: auth_user_groups; Type: TABLE DATA; Schema: public; Owner: apple
--

COPY public.auth_user_groups (id, user_id, group_id) FROM stdin;
\.


--
-- Data for Name: auth_user_user_permissions; Type: TABLE DATA; Schema: public; Owner: apple
--

COPY public.auth_user_user_permissions (id, user_id, permission_id) FROM stdin;
\.


--
-- Data for Name: django_admin_log; Type: TABLE DATA; Schema: public; Owner: apple
--

COPY public.django_admin_log (id, action_time, object_id, object_repr, action_flag, change_message, content_type_id, user_id) FROM stdin;
1	2026-02-20 15:11:03.792409+05:30	2	candidate1	1	[{"added": {}}]	4	1
2	2026-02-20 15:12:14.526285+05:30	2	candidate1	1	[{"added": {}}]	7	1
3	2026-02-20 15:50:49.888938+05:30	3	client1	1	[{"added": {}}]	4	1
4	2026-02-20 15:51:14.132452+05:30	1	ABC Pvt Ltd. (client1)	1	[{"added": {}}]	8	1
5	2026-02-20 15:55:31.529425+05:30	4	recruiter1	1	[{"added": {}}]	4	1
6	2026-02-20 15:55:53.366699+05:30	1	recruiter1 - OWNER	1	[{"added": {}}]	11	1
\.


--
-- Data for Name: django_content_type; Type: TABLE DATA; Schema: public; Owner: apple
--

COPY public.django_content_type (id, app_label, model) FROM stdin;
1	admin	logentry
2	auth	permission
3	auth	group
4	auth	user
5	contenttypes	contenttype
6	sessions	session
7	main	candidate
8	main	client
9	main	job
10	main	application
11	main	stakeholder
12	main	clientfeedback
13	main	interview
14	main	jobapproval
15	main	recruiternote
16	main	feedback
17	main	auditlog
18	main	clientperformance
19	main	pipelinemetrics
20	main	placementtracker
21	main	recruiterperformance
22	main	systemmetrics
\.


--
-- Data for Name: django_migrations; Type: TABLE DATA; Schema: public; Owner: apple
--

COPY public.django_migrations (id, app, name, applied) FROM stdin;
1	contenttypes	0001_initial	2026-02-19 16:05:34.411905+05:30
2	auth	0001_initial	2026-02-19 16:05:34.486898+05:30
3	admin	0001_initial	2026-02-19 16:05:34.517461+05:30
4	admin	0002_logentry_remove_auto_add	2026-02-19 16:05:34.527194+05:30
5	admin	0003_logentry_add_action_flag_choices	2026-02-19 16:05:34.536546+05:30
6	contenttypes	0002_remove_content_type_name	2026-02-19 16:05:34.557665+05:30
7	auth	0002_alter_permission_name_max_length	2026-02-19 16:05:34.568276+05:30
8	auth	0003_alter_user_email_max_length	2026-02-19 16:05:34.57775+05:30
9	auth	0004_alter_user_username_opts	2026-02-19 16:05:34.586031+05:30
10	auth	0005_alter_user_last_login_null	2026-02-19 16:05:34.596332+05:30
11	auth	0006_require_contenttypes_0002	2026-02-19 16:05:34.598617+05:30
12	auth	0007_alter_validators_add_error_messages	2026-02-19 16:05:34.607688+05:30
13	auth	0008_alter_user_username_max_length	2026-02-19 16:05:34.619267+05:30
14	auth	0009_alter_user_last_name_max_length	2026-02-19 16:05:34.629608+05:30
15	auth	0010_alter_group_name_max_length	2026-02-19 16:05:34.639214+05:30
16	auth	0011_update_proxy_permissions	2026-02-19 16:05:34.652826+05:30
17	auth	0012_alter_user_first_name_max_length	2026-02-19 16:05:34.662314+05:30
18	main	0001_initial	2026-02-19 16:05:34.732714+05:30
19	main	0002_stakeholder	2026-02-19 16:05:34.751351+05:30
20	main	0003_clientfeedback_interview_jobapproval	2026-02-19 16:05:34.820693+05:30
21	main	0004_remove_job_created_at_remove_job_job_type_and_more	2026-02-19 16:05:34.855479+05:30
22	main	0005_job_created_at_job_experience_range_job_job_type_and_more	2026-02-19 16:05:34.932483+05:30
23	main	0006_recruiternote	2026-02-19 16:05:34.982104+05:30
24	main	0007_interview_application_interview_mode	2026-02-19 16:05:35.019413+05:30
25	main	0008_alter_application_status	2026-02-19 16:05:35.030272+05:30
26	main	0009_job_is_active	2026-02-19 16:05:35.041873+05:30
27	main	0010_feedback	2026-02-19 16:05:35.067269+05:30
28	main	0011_alter_feedback_rating	2026-02-19 16:05:35.080496+05:30
29	main	0012_alter_application_options_alter_candidate_options_and_more	2026-02-19 16:05:35.266325+05:30
30	main	0013_alter_application_job	2026-02-19 16:05:35.283377+05:30
31	main	0014_alter_interview_interview_date	2026-02-19 16:05:35.300288+05:30
32	main	0015_alter_interview_application	2026-02-19 16:05:35.317598+05:30
33	main	0016_alter_interview_application	2026-02-19 16:05:35.33481+05:30
34	main	0017_alter_job_experience_range_alter_job_job_type_and_more	2026-02-19 16:05:35.406689+05:30
35	main	0018_remove_job_experience_range_and_more	2026-02-19 16:05:35.438045+05:30
36	main	0019_application_resume	2026-02-19 16:05:35.452164+05:30
37	sessions	0001_initial	2026-02-19 16:05:35.46338+05:30
38	main	0020_auditlog_clientperformance_pipelinemetrics_and_more	2026-02-20 14:49:53.281943+05:30
39	main	0021_fix_missing_fks	2026-02-20 14:53:44.982027+05:30
40	main	0022_add_candidate_profile_picture	2026-02-20 14:53:44.99792+05:30
41	main	0023_add_client_profile_picture	2026-02-20 14:53:45.011088+05:30
42	main	0024_client_company_logo	2026-02-20 14:53:45.026306+05:30
43	main	0025_candidate_location	2026-02-20 14:53:45.041021+05:30
\.


--
-- Data for Name: django_session; Type: TABLE DATA; Schema: public; Owner: apple
--

COPY public.django_session (session_key, session_data, expire_date) FROM stdin;
\.


--
-- Data for Name: main_application; Type: TABLE DATA; Schema: public; Owner: apple
--

COPY public.main_application (id, status, applied_at, candidate_id, job_id, resume) FROM stdin;
1	APPLIED	2026-02-20 16:00:29.260527+05:30	2	1	application_resumes/2026/02/JavaScript_Mock_Interview_Questions_Only.pdf
\.


--
-- Data for Name: main_auditlog; Type: TABLE DATA; Schema: public; Owner: postgres
--

COPY public.main_auditlog (id, action, resource_type, resource_id, details, status, ip_address, "timestamp", user_id) FROM stdin;
\.


--
-- Data for Name: main_candidate; Type: TABLE DATA; Schema: public; Owner: apple
--

COPY public.main_candidate (id, phone, resume, skills, experience, created_at, user_id, profile_picture, location) FROM stdin;
2	1234567890	resumes/images_UvC6SOE.jpeg	Python , Django	2	2026-02-20 15:12:14.522484+05:30	2	profile_pictures/2026/02/images_wZE1lBs.jpeg	Indore
\.


--
-- Data for Name: main_client; Type: TABLE DATA; Schema: public; Owner: apple
--

COPY public.main_client (id, company_name, contact_number, created_at, user_id, profile_picture, company_logo) FROM stdin;
1	ABC Pvt Ltd.	1234567890	2026-02-20 15:51:14.127752+05:30	3	profile_pictures/2026/02/images_fTaxpBU.jpeg	company_logos/2026/02/brandlogo.jpeg
\.


--
-- Data for Name: main_clientfeedback; Type: TABLE DATA; Schema: public; Owner: apple
--

COPY public.main_clientfeedback (id, feedback, created_at, candidate_id, job_id) FROM stdin;
\.


--
-- Data for Name: main_clientperformance; Type: TABLE DATA; Schema: public; Owner: postgres
--

COPY public.main_clientperformance (id, total_jobs_posted, total_applications_received, total_hires, average_time_to_hire, new_hire_feedback_rating, new_hire_retention_days, last_updated, client_id) FROM stdin;
\.


--
-- Data for Name: main_feedback; Type: TABLE DATA; Schema: public; Owner: apple
--

COPY public.main_feedback (id, message, rating, user_id, created_at) FROM stdin;
\.


--
-- Data for Name: main_interview; Type: TABLE DATA; Schema: public; Owner: apple
--

COPY public.main_interview (id, interview_date, candidate_id, job_id, scheduled_by_id, application_id, mode) FROM stdin;
1	2026-02-25 12:40:00+05:30	2	1	4	1	Online
\.


--
-- Data for Name: main_job; Type: TABLE DATA; Schema: public; Owner: apple
--

COPY public.main_job (id, title, description, location, client_id, created_at, job_type, salary, is_active) FROM stdin;
1	Python Developer	Python Developer Recquirement	Indore	1	2026-02-20 15:53:26.013205+05:30	full-time		t
\.


--
-- Data for Name: main_jobapproval; Type: TABLE DATA; Schema: public; Owner: apple
--

COPY public.main_jobapproval (id, is_approved, approved_by_id, job_id) FROM stdin;
\.


--
-- Data for Name: main_pipelinemetrics; Type: TABLE DATA; Schema: public; Owner: postgres
--

COPY public.main_pipelinemetrics (id, date, total_applications, applied, shortlisted, interviewed, offered, hired, rejected, total_jobs_open, total_jobs_filled, total_jobs_closed, application_to_interview_rate, interview_to_offer_rate, offer_to_hire_rate, "timestamp") FROM stdin;
\.


--
-- Data for Name: main_placementtracker; Type: TABLE DATA; Schema: public; Owner: postgres
--

COPY public.main_placementtracker (id, status, total_applications, total_shortlisted, total_interviewed, total_offered, hiring_date, days_to_fill, created_at, updated_at, hired_candidate_id, job_id) FROM stdin;
\.


--
-- Data for Name: main_recruiternote; Type: TABLE DATA; Schema: public; Owner: apple
--

COPY public.main_recruiternote (id, note, candidate_id, created_at) FROM stdin;
\.


--
-- Data for Name: main_recruiterperformance; Type: TABLE DATA; Schema: public; Owner: postgres
--

COPY public.main_recruiterperformance (id, total_jobs_posted, total_applications_received, total_hires, average_time_to_hire, average_cost_per_hire, offer_acceptance_rate, retention_rate_3_months, retention_rate_6_months, last_updated, recruiter_id) FROM stdin;
\.


--
-- Data for Name: main_stakeholder; Type: TABLE DATA; Schema: public; Owner: apple
--

COPY public.main_stakeholder (id, role, user_id) FROM stdin;
1	OWNER	4
\.


--
-- Data for Name: main_systemmetrics; Type: TABLE DATA; Schema: public; Owner: postgres
--

COPY public.main_systemmetrics (id, "timestamp", total_active_users, total_candidates, total_clients, daily_active_users, total_page_views, average_session_duration, slow_requests_count, failed_requests_count) FROM stdin;
\.


--
-- Name: auth_group_id_seq; Type: SEQUENCE SET; Schema: public; Owner: apple
--

SELECT pg_catalog.setval('public.auth_group_id_seq', 1, false);


--
-- Name: auth_group_permissions_id_seq; Type: SEQUENCE SET; Schema: public; Owner: apple
--

SELECT pg_catalog.setval('public.auth_group_permissions_id_seq', 1, false);


--
-- Name: auth_permission_id_seq; Type: SEQUENCE SET; Schema: public; Owner: apple
--

SELECT pg_catalog.setval('public.auth_permission_id_seq', 88, true);


--
-- Name: auth_user_groups_id_seq; Type: SEQUENCE SET; Schema: public; Owner: apple
--

SELECT pg_catalog.setval('public.auth_user_groups_id_seq', 1, false);


--
-- Name: auth_user_id_seq; Type: SEQUENCE SET; Schema: public; Owner: apple
--

SELECT pg_catalog.setval('public.auth_user_id_seq', 4, true);


--
-- Name: auth_user_user_permissions_id_seq; Type: SEQUENCE SET; Schema: public; Owner: apple
--

SELECT pg_catalog.setval('public.auth_user_user_permissions_id_seq', 1, false);


--
-- Name: django_admin_log_id_seq; Type: SEQUENCE SET; Schema: public; Owner: apple
--

SELECT pg_catalog.setval('public.django_admin_log_id_seq', 6, true);


--
-- Name: django_content_type_id_seq; Type: SEQUENCE SET; Schema: public; Owner: apple
--

SELECT pg_catalog.setval('public.django_content_type_id_seq', 22, true);


--
-- Name: django_migrations_id_seq; Type: SEQUENCE SET; Schema: public; Owner: apple
--

SELECT pg_catalog.setval('public.django_migrations_id_seq', 43, true);


--
-- Name: main_application_id_seq; Type: SEQUENCE SET; Schema: public; Owner: apple
--

SELECT pg_catalog.setval('public.main_application_id_seq', 1, true);


--
-- Name: main_auditlog_id_seq; Type: SEQUENCE SET; Schema: public; Owner: postgres
--

SELECT pg_catalog.setval('public.main_auditlog_id_seq', 1, false);


--
-- Name: main_candidate_id_seq; Type: SEQUENCE SET; Schema: public; Owner: apple
--

SELECT pg_catalog.setval('public.main_candidate_id_seq', 2, true);


--
-- Name: main_client_id_seq; Type: SEQUENCE SET; Schema: public; Owner: apple
--

SELECT pg_catalog.setval('public.main_client_id_seq', 1, true);


--
-- Name: main_clientfeedback_id_seq; Type: SEQUENCE SET; Schema: public; Owner: apple
--

SELECT pg_catalog.setval('public.main_clientfeedback_id_seq', 1, false);


--
-- Name: main_clientperformance_id_seq; Type: SEQUENCE SET; Schema: public; Owner: postgres
--

SELECT pg_catalog.setval('public.main_clientperformance_id_seq', 1, false);


--
-- Name: main_feedback_id_seq; Type: SEQUENCE SET; Schema: public; Owner: apple
--

SELECT pg_catalog.setval('public.main_feedback_id_seq', 1, false);


--
-- Name: main_interview_id_seq; Type: SEQUENCE SET; Schema: public; Owner: apple
--

SELECT pg_catalog.setval('public.main_interview_id_seq', 1, true);


--
-- Name: main_job_id_seq; Type: SEQUENCE SET; Schema: public; Owner: apple
--

SELECT pg_catalog.setval('public.main_job_id_seq', 1, true);


--
-- Name: main_jobapproval_id_seq; Type: SEQUENCE SET; Schema: public; Owner: apple
--

SELECT pg_catalog.setval('public.main_jobapproval_id_seq', 1, false);


--
-- Name: main_pipelinemetrics_id_seq; Type: SEQUENCE SET; Schema: public; Owner: postgres
--

SELECT pg_catalog.setval('public.main_pipelinemetrics_id_seq', 1, false);


--
-- Name: main_placementtracker_id_seq; Type: SEQUENCE SET; Schema: public; Owner: postgres
--

SELECT pg_catalog.setval('public.main_placementtracker_id_seq', 1, false);


--
-- Name: main_recruiternote_id_seq; Type: SEQUENCE SET; Schema: public; Owner: apple
--

SELECT pg_catalog.setval('public.main_recruiternote_id_seq', 1, false);


--
-- Name: main_recruiterperformance_id_seq; Type: SEQUENCE SET; Schema: public; Owner: postgres
--

SELECT pg_catalog.setval('public.main_recruiterperformance_id_seq', 1, false);


--
-- Name: main_stakeholder_id_seq; Type: SEQUENCE SET; Schema: public; Owner: apple
--

SELECT pg_catalog.setval('public.main_stakeholder_id_seq', 1, true);


--
-- Name: main_systemmetrics_id_seq; Type: SEQUENCE SET; Schema: public; Owner: postgres
--

SELECT pg_catalog.setval('public.main_systemmetrics_id_seq', 1, false);


--
-- Name: auth_group auth_group_name_key; Type: CONSTRAINT; Schema: public; Owner: apple
--

ALTER TABLE ONLY public.auth_group
    ADD CONSTRAINT auth_group_name_key UNIQUE (name);


--
-- Name: auth_group_permissions auth_group_permissions_group_id_permission_id_0cd325b0_uniq; Type: CONSTRAINT; Schema: public; Owner: apple
--

ALTER TABLE ONLY public.auth_group_permissions
    ADD CONSTRAINT auth_group_permissions_group_id_permission_id_0cd325b0_uniq UNIQUE (group_id, permission_id);


--
-- Name: auth_group_permissions auth_group_permissions_pkey; Type: CONSTRAINT; Schema: public; Owner: apple
--

ALTER TABLE ONLY public.auth_group_permissions
    ADD CONSTRAINT auth_group_permissions_pkey PRIMARY KEY (id);


--
-- Name: auth_group auth_group_pkey; Type: CONSTRAINT; Schema: public; Owner: apple
--

ALTER TABLE ONLY public.auth_group
    ADD CONSTRAINT auth_group_pkey PRIMARY KEY (id);


--
-- Name: auth_permission auth_permission_content_type_id_codename_01ab375a_uniq; Type: CONSTRAINT; Schema: public; Owner: apple
--

ALTER TABLE ONLY public.auth_permission
    ADD CONSTRAINT auth_permission_content_type_id_codename_01ab375a_uniq UNIQUE (content_type_id, codename);


--
-- Name: auth_permission auth_permission_pkey; Type: CONSTRAINT; Schema: public; Owner: apple
--

ALTER TABLE ONLY public.auth_permission
    ADD CONSTRAINT auth_permission_pkey PRIMARY KEY (id);


--
-- Name: auth_user_groups auth_user_groups_pkey; Type: CONSTRAINT; Schema: public; Owner: apple
--

ALTER TABLE ONLY public.auth_user_groups
    ADD CONSTRAINT auth_user_groups_pkey PRIMARY KEY (id);


--
-- Name: auth_user_groups auth_user_groups_user_id_group_id_94350c0c_uniq; Type: CONSTRAINT; Schema: public; Owner: apple
--

ALTER TABLE ONLY public.auth_user_groups
    ADD CONSTRAINT auth_user_groups_user_id_group_id_94350c0c_uniq UNIQUE (user_id, group_id);


--
-- Name: auth_user auth_user_pkey; Type: CONSTRAINT; Schema: public; Owner: apple
--

ALTER TABLE ONLY public.auth_user
    ADD CONSTRAINT auth_user_pkey PRIMARY KEY (id);


--
-- Name: auth_user_user_permissions auth_user_user_permissions_pkey; Type: CONSTRAINT; Schema: public; Owner: apple
--

ALTER TABLE ONLY public.auth_user_user_permissions
    ADD CONSTRAINT auth_user_user_permissions_pkey PRIMARY KEY (id);


--
-- Name: auth_user_user_permissions auth_user_user_permissions_user_id_permission_id_14a6b632_uniq; Type: CONSTRAINT; Schema: public; Owner: apple
--

ALTER TABLE ONLY public.auth_user_user_permissions
    ADD CONSTRAINT auth_user_user_permissions_user_id_permission_id_14a6b632_uniq UNIQUE (user_id, permission_id);


--
-- Name: auth_user auth_user_username_key; Type: CONSTRAINT; Schema: public; Owner: apple
--

ALTER TABLE ONLY public.auth_user
    ADD CONSTRAINT auth_user_username_key UNIQUE (username);


--
-- Name: django_admin_log django_admin_log_pkey; Type: CONSTRAINT; Schema: public; Owner: apple
--

ALTER TABLE ONLY public.django_admin_log
    ADD CONSTRAINT django_admin_log_pkey PRIMARY KEY (id);


--
-- Name: django_content_type django_content_type_app_label_model_76bd3d3b_uniq; Type: CONSTRAINT; Schema: public; Owner: apple
--

ALTER TABLE ONLY public.django_content_type
    ADD CONSTRAINT django_content_type_app_label_model_76bd3d3b_uniq UNIQUE (app_label, model);


--
-- Name: django_content_type django_content_type_pkey; Type: CONSTRAINT; Schema: public; Owner: apple
--

ALTER TABLE ONLY public.django_content_type
    ADD CONSTRAINT django_content_type_pkey PRIMARY KEY (id);


--
-- Name: django_migrations django_migrations_pkey; Type: CONSTRAINT; Schema: public; Owner: apple
--

ALTER TABLE ONLY public.django_migrations
    ADD CONSTRAINT django_migrations_pkey PRIMARY KEY (id);


--
-- Name: django_session django_session_pkey; Type: CONSTRAINT; Schema: public; Owner: apple
--

ALTER TABLE ONLY public.django_session
    ADD CONSTRAINT django_session_pkey PRIMARY KEY (session_key);


--
-- Name: main_application main_application_job_id_candidate_id_ea4bb123_uniq; Type: CONSTRAINT; Schema: public; Owner: apple
--

ALTER TABLE ONLY public.main_application
    ADD CONSTRAINT main_application_job_id_candidate_id_ea4bb123_uniq UNIQUE (job_id, candidate_id);


--
-- Name: main_application main_application_pkey; Type: CONSTRAINT; Schema: public; Owner: apple
--

ALTER TABLE ONLY public.main_application
    ADD CONSTRAINT main_application_pkey PRIMARY KEY (id);


--
-- Name: main_auditlog main_auditlog_pkey; Type: CONSTRAINT; Schema: public; Owner: postgres
--

ALTER TABLE ONLY public.main_auditlog
    ADD CONSTRAINT main_auditlog_pkey PRIMARY KEY (id);


--
-- Name: main_candidate main_candidate_pkey; Type: CONSTRAINT; Schema: public; Owner: apple
--

ALTER TABLE ONLY public.main_candidate
    ADD CONSTRAINT main_candidate_pkey PRIMARY KEY (id);


--
-- Name: main_candidate main_candidate_user_id_key; Type: CONSTRAINT; Schema: public; Owner: apple
--

ALTER TABLE ONLY public.main_candidate
    ADD CONSTRAINT main_candidate_user_id_key UNIQUE (user_id);


--
-- Name: main_client main_client_pkey; Type: CONSTRAINT; Schema: public; Owner: apple
--

ALTER TABLE ONLY public.main_client
    ADD CONSTRAINT main_client_pkey PRIMARY KEY (id);


--
-- Name: main_client main_client_user_id_key; Type: CONSTRAINT; Schema: public; Owner: apple
--

ALTER TABLE ONLY public.main_client
    ADD CONSTRAINT main_client_user_id_key UNIQUE (user_id);


--
-- Name: main_clientfeedback main_clientfeedback_pkey; Type: CONSTRAINT; Schema: public; Owner: apple
--

ALTER TABLE ONLY public.main_clientfeedback
    ADD CONSTRAINT main_clientfeedback_pkey PRIMARY KEY (id);


--
-- Name: main_clientperformance main_clientperformance_client_id_key; Type: CONSTRAINT; Schema: public; Owner: postgres
--

ALTER TABLE ONLY public.main_clientperformance
    ADD CONSTRAINT main_clientperformance_client_id_key UNIQUE (client_id);


--
-- Name: main_clientperformance main_clientperformance_pkey; Type: CONSTRAINT; Schema: public; Owner: postgres
--

ALTER TABLE ONLY public.main_clientperformance
    ADD CONSTRAINT main_clientperformance_pkey PRIMARY KEY (id);


--
-- Name: main_feedback main_feedback_pkey; Type: CONSTRAINT; Schema: public; Owner: apple
--

ALTER TABLE ONLY public.main_feedback
    ADD CONSTRAINT main_feedback_pkey PRIMARY KEY (id);


--
-- Name: main_interview main_interview_application_id_key; Type: CONSTRAINT; Schema: public; Owner: apple
--

ALTER TABLE ONLY public.main_interview
    ADD CONSTRAINT main_interview_application_id_key UNIQUE (application_id);


--
-- Name: main_interview main_interview_pkey; Type: CONSTRAINT; Schema: public; Owner: apple
--

ALTER TABLE ONLY public.main_interview
    ADD CONSTRAINT main_interview_pkey PRIMARY KEY (id);


--
-- Name: main_job main_job_pkey; Type: CONSTRAINT; Schema: public; Owner: apple
--

ALTER TABLE ONLY public.main_job
    ADD CONSTRAINT main_job_pkey PRIMARY KEY (id);


--
-- Name: main_jobapproval main_jobapproval_job_id_key; Type: CONSTRAINT; Schema: public; Owner: apple
--

ALTER TABLE ONLY public.main_jobapproval
    ADD CONSTRAINT main_jobapproval_job_id_key UNIQUE (job_id);


--
-- Name: main_jobapproval main_jobapproval_pkey; Type: CONSTRAINT; Schema: public; Owner: apple
--

ALTER TABLE ONLY public.main_jobapproval
    ADD CONSTRAINT main_jobapproval_pkey PRIMARY KEY (id);


--
-- Name: main_pipelinemetrics main_pipelinemetrics_pkey; Type: CONSTRAINT; Schema: public; Owner: postgres
--

ALTER TABLE ONLY public.main_pipelinemetrics
    ADD CONSTRAINT main_pipelinemetrics_pkey PRIMARY KEY (id);


--
-- Name: main_placementtracker main_placementtracker_hired_candidate_id_key; Type: CONSTRAINT; Schema: public; Owner: postgres
--

ALTER TABLE ONLY public.main_placementtracker
    ADD CONSTRAINT main_placementtracker_hired_candidate_id_key UNIQUE (hired_candidate_id);


--
-- Name: main_placementtracker main_placementtracker_job_id_key; Type: CONSTRAINT; Schema: public; Owner: postgres
--

ALTER TABLE ONLY public.main_placementtracker
    ADD CONSTRAINT main_placementtracker_job_id_key UNIQUE (job_id);


--
-- Name: main_placementtracker main_placementtracker_pkey; Type: CONSTRAINT; Schema: public; Owner: postgres
--

ALTER TABLE ONLY public.main_placementtracker
    ADD CONSTRAINT main_placementtracker_pkey PRIMARY KEY (id);


--
-- Name: main_recruiternote main_recruiternote_pkey; Type: CONSTRAINT; Schema: public; Owner: apple
--

ALTER TABLE ONLY public.main_recruiternote
    ADD CONSTRAINT main_recruiternote_pkey PRIMARY KEY (id);


--
-- Name: main_recruiterperformance main_recruiterperformance_pkey; Type: CONSTRAINT; Schema: public; Owner: postgres
--

ALTER TABLE ONLY public.main_recruiterperformance
    ADD CONSTRAINT main_recruiterperformance_pkey PRIMARY KEY (id);


--
-- Name: main_recruiterperformance main_recruiterperformance_recruiter_id_key; Type: CONSTRAINT; Schema: public; Owner: postgres
--

ALTER TABLE ONLY public.main_recruiterperformance
    ADD CONSTRAINT main_recruiterperformance_recruiter_id_key UNIQUE (recruiter_id);


--
-- Name: main_stakeholder main_stakeholder_pkey; Type: CONSTRAINT; Schema: public; Owner: apple
--

ALTER TABLE ONLY public.main_stakeholder
    ADD CONSTRAINT main_stakeholder_pkey PRIMARY KEY (id);


--
-- Name: main_stakeholder main_stakeholder_user_id_key; Type: CONSTRAINT; Schema: public; Owner: apple
--

ALTER TABLE ONLY public.main_stakeholder
    ADD CONSTRAINT main_stakeholder_user_id_key UNIQUE (user_id);


--
-- Name: main_systemmetrics main_systemmetrics_pkey; Type: CONSTRAINT; Schema: public; Owner: postgres
--

ALTER TABLE ONLY public.main_systemmetrics
    ADD CONSTRAINT main_systemmetrics_pkey PRIMARY KEY (id);


--
-- Name: auth_group_name_a6ea08ec_like; Type: INDEX; Schema: public; Owner: apple
--

CREATE INDEX auth_group_name_a6ea08ec_like ON public.auth_group USING btree (name varchar_pattern_ops);


--
-- Name: auth_group_permissions_group_id_b120cbf9; Type: INDEX; Schema: public; Owner: apple
--

CREATE INDEX auth_group_permissions_group_id_b120cbf9 ON public.auth_group_permissions USING btree (group_id);


--
-- Name: auth_group_permissions_permission_id_84c5c92e; Type: INDEX; Schema: public; Owner: apple
--

CREATE INDEX auth_group_permissions_permission_id_84c5c92e ON public.auth_group_permissions USING btree (permission_id);


--
-- Name: auth_permission_content_type_id_2f476e4b; Type: INDEX; Schema: public; Owner: apple
--

CREATE INDEX auth_permission_content_type_id_2f476e4b ON public.auth_permission USING btree (content_type_id);


--
-- Name: auth_user_groups_group_id_97559544; Type: INDEX; Schema: public; Owner: apple
--

CREATE INDEX auth_user_groups_group_id_97559544 ON public.auth_user_groups USING btree (group_id);


--
-- Name: auth_user_groups_user_id_6a12ed8b; Type: INDEX; Schema: public; Owner: apple
--

CREATE INDEX auth_user_groups_user_id_6a12ed8b ON public.auth_user_groups USING btree (user_id);


--
-- Name: auth_user_user_permissions_permission_id_1fbb5f2c; Type: INDEX; Schema: public; Owner: apple
--

CREATE INDEX auth_user_user_permissions_permission_id_1fbb5f2c ON public.auth_user_user_permissions USING btree (permission_id);


--
-- Name: auth_user_user_permissions_user_id_a95ead1b; Type: INDEX; Schema: public; Owner: apple
--

CREATE INDEX auth_user_user_permissions_user_id_a95ead1b ON public.auth_user_user_permissions USING btree (user_id);


--
-- Name: auth_user_username_6821ab7c_like; Type: INDEX; Schema: public; Owner: apple
--

CREATE INDEX auth_user_username_6821ab7c_like ON public.auth_user USING btree (username varchar_pattern_ops);


--
-- Name: django_admin_log_content_type_id_c4bce8eb; Type: INDEX; Schema: public; Owner: apple
--

CREATE INDEX django_admin_log_content_type_id_c4bce8eb ON public.django_admin_log USING btree (content_type_id);


--
-- Name: django_admin_log_user_id_c564eba6; Type: INDEX; Schema: public; Owner: apple
--

CREATE INDEX django_admin_log_user_id_c564eba6 ON public.django_admin_log USING btree (user_id);


--
-- Name: django_session_expire_date_a5c62663; Type: INDEX; Schema: public; Owner: apple
--

CREATE INDEX django_session_expire_date_a5c62663 ON public.django_session USING btree (expire_date);


--
-- Name: django_session_session_key_c0390e0f_like; Type: INDEX; Schema: public; Owner: apple
--

CREATE INDEX django_session_session_key_c0390e0f_like ON public.django_session USING btree (session_key varchar_pattern_ops);


--
-- Name: main_applic_candida_3ee746_idx; Type: INDEX; Schema: public; Owner: apple
--

CREATE INDEX main_applic_candida_3ee746_idx ON public.main_application USING btree (candidate_id);


--
-- Name: main_applic_job_id_9b8579_idx; Type: INDEX; Schema: public; Owner: apple
--

CREATE INDEX main_applic_job_id_9b8579_idx ON public.main_application USING btree (job_id, status);


--
-- Name: main_applic_status_4a7067_idx; Type: INDEX; Schema: public; Owner: apple
--

CREATE INDEX main_applic_status_4a7067_idx ON public.main_application USING btree (status, applied_at DESC);


--
-- Name: main_application_applied_at_c9ef5769; Type: INDEX; Schema: public; Owner: apple
--

CREATE INDEX main_application_applied_at_c9ef5769 ON public.main_application USING btree (applied_at);


--
-- Name: main_application_candidate_id_52112ab6; Type: INDEX; Schema: public; Owner: apple
--

CREATE INDEX main_application_candidate_id_52112ab6 ON public.main_application USING btree (candidate_id);


--
-- Name: main_application_job_id_ff44a2cf; Type: INDEX; Schema: public; Owner: apple
--

CREATE INDEX main_application_job_id_ff44a2cf ON public.main_application USING btree (job_id);


--
-- Name: main_application_status_e07e186a; Type: INDEX; Schema: public; Owner: apple
--

CREATE INDEX main_application_status_e07e186a ON public.main_application USING btree (status);


--
-- Name: main_application_status_e07e186a_like; Type: INDEX; Schema: public; Owner: apple
--

CREATE INDEX main_application_status_e07e186a_like ON public.main_application USING btree (status varchar_pattern_ops);


--
-- Name: main_auditl_action_17a227_idx; Type: INDEX; Schema: public; Owner: postgres
--

CREATE INDEX main_auditl_action_17a227_idx ON public.main_auditlog USING btree (action, "timestamp" DESC);


--
-- Name: main_auditl_resourc_72b68c_idx; Type: INDEX; Schema: public; Owner: postgres
--

CREATE INDEX main_auditl_resourc_72b68c_idx ON public.main_auditlog USING btree (resource_type, "timestamp" DESC);


--
-- Name: main_auditl_user_id_5c7864_idx; Type: INDEX; Schema: public; Owner: postgres
--

CREATE INDEX main_auditl_user_id_5c7864_idx ON public.main_auditlog USING btree (user_id, "timestamp" DESC);


--
-- Name: main_auditlog_action_1abfa93e; Type: INDEX; Schema: public; Owner: postgres
--

CREATE INDEX main_auditlog_action_1abfa93e ON public.main_auditlog USING btree (action);


--
-- Name: main_auditlog_action_1abfa93e_like; Type: INDEX; Schema: public; Owner: postgres
--

CREATE INDEX main_auditlog_action_1abfa93e_like ON public.main_auditlog USING btree (action varchar_pattern_ops);


--
-- Name: main_auditlog_resource_type_0e9769b9; Type: INDEX; Schema: public; Owner: postgres
--

CREATE INDEX main_auditlog_resource_type_0e9769b9 ON public.main_auditlog USING btree (resource_type);


--
-- Name: main_auditlog_resource_type_0e9769b9_like; Type: INDEX; Schema: public; Owner: postgres
--

CREATE INDEX main_auditlog_resource_type_0e9769b9_like ON public.main_auditlog USING btree (resource_type varchar_pattern_ops);


--
-- Name: main_auditlog_timestamp_1bfa0585; Type: INDEX; Schema: public; Owner: postgres
--

CREATE INDEX main_auditlog_timestamp_1bfa0585 ON public.main_auditlog USING btree ("timestamp");


--
-- Name: main_auditlog_user_id_8c6c79db; Type: INDEX; Schema: public; Owner: postgres
--

CREATE INDEX main_auditlog_user_id_8c6c79db ON public.main_auditlog USING btree (user_id);


--
-- Name: main_candid_created_b70535_idx; Type: INDEX; Schema: public; Owner: apple
--

CREATE INDEX main_candid_created_b70535_idx ON public.main_candidate USING btree (created_at DESC);


--
-- Name: main_candidate_created_at_065194df; Type: INDEX; Schema: public; Owner: apple
--

CREATE INDEX main_candidate_created_at_065194df ON public.main_candidate USING btree (created_at);


--
-- Name: main_client_client__5b9e09_idx; Type: INDEX; Schema: public; Owner: postgres
--

CREATE INDEX main_client_client__5b9e09_idx ON public.main_clientperformance USING btree (client_id);


--
-- Name: main_client_company_1e48ff_idx; Type: INDEX; Schema: public; Owner: apple
--

CREATE INDEX main_client_company_1e48ff_idx ON public.main_client USING btree (company_name);


--
-- Name: main_client_company_name_7f97fe88; Type: INDEX; Schema: public; Owner: apple
--

CREATE INDEX main_client_company_name_7f97fe88 ON public.main_client USING btree (company_name);


--
-- Name: main_client_company_name_7f97fe88_like; Type: INDEX; Schema: public; Owner: apple
--

CREATE INDEX main_client_company_name_7f97fe88_like ON public.main_client USING btree (company_name varchar_pattern_ops);


--
-- Name: main_client_created_451856_idx; Type: INDEX; Schema: public; Owner: apple
--

CREATE INDEX main_client_created_451856_idx ON public.main_clientfeedback USING btree (created_at DESC);


--
-- Name: main_client_created_850ce2_idx; Type: INDEX; Schema: public; Owner: apple
--

CREATE INDEX main_client_created_850ce2_idx ON public.main_client USING btree (created_at DESC);


--
-- Name: main_client_created_at_427e8971; Type: INDEX; Schema: public; Owner: apple
--

CREATE INDEX main_client_created_at_427e8971 ON public.main_client USING btree (created_at);


--
-- Name: main_clientfeedback_candidate_id_ec536f95; Type: INDEX; Schema: public; Owner: apple
--

CREATE INDEX main_clientfeedback_candidate_id_ec536f95 ON public.main_clientfeedback USING btree (candidate_id);


--
-- Name: main_clientfeedback_created_at_6e051f0b; Type: INDEX; Schema: public; Owner: apple
--

CREATE INDEX main_clientfeedback_created_at_6e051f0b ON public.main_clientfeedback USING btree (created_at);


--
-- Name: main_clientfeedback_job_id_f3e6d59a; Type: INDEX; Schema: public; Owner: apple
--

CREATE INDEX main_clientfeedback_job_id_f3e6d59a ON public.main_clientfeedback USING btree (job_id);


--
-- Name: main_feedba_created_9f87cb_idx; Type: INDEX; Schema: public; Owner: apple
--

CREATE INDEX main_feedba_created_9f87cb_idx ON public.main_feedback USING btree (created_at DESC);


--
-- Name: main_feedback_created_at_667d449b; Type: INDEX; Schema: public; Owner: apple
--

CREATE INDEX main_feedback_created_at_667d449b ON public.main_feedback USING btree (created_at);


--
-- Name: main_feedback_user_id_4bc6db52; Type: INDEX; Schema: public; Owner: apple
--

CREATE INDEX main_feedback_user_id_4bc6db52 ON public.main_feedback USING btree (user_id);


--
-- Name: main_interv_intervi_e0d32f_idx; Type: INDEX; Schema: public; Owner: apple
--

CREATE INDEX main_interv_intervi_e0d32f_idx ON public.main_interview USING btree (interview_date);


--
-- Name: main_interv_job_id_ab0120_idx; Type: INDEX; Schema: public; Owner: apple
--

CREATE INDEX main_interv_job_id_ab0120_idx ON public.main_interview USING btree (job_id, candidate_id);


--
-- Name: main_interview_candidate_id_e64f9d53; Type: INDEX; Schema: public; Owner: apple
--

CREATE INDEX main_interview_candidate_id_e64f9d53 ON public.main_interview USING btree (candidate_id);


--
-- Name: main_interview_interview_date_9b14ef34; Type: INDEX; Schema: public; Owner: apple
--

CREATE INDEX main_interview_interview_date_9b14ef34 ON public.main_interview USING btree (interview_date);


--
-- Name: main_interview_job_id_425ee513; Type: INDEX; Schema: public; Owner: apple
--

CREATE INDEX main_interview_job_id_425ee513 ON public.main_interview USING btree (job_id);


--
-- Name: main_interview_scheduled_by_id_b4af282d; Type: INDEX; Schema: public; Owner: apple
--

CREATE INDEX main_interview_scheduled_by_id_b4af282d ON public.main_interview USING btree (scheduled_by_id);


--
-- Name: main_job_client__2d4c8c_idx; Type: INDEX; Schema: public; Owner: apple
--

CREATE INDEX main_job_client__2d4c8c_idx ON public.main_job USING btree (client_id, is_active);


--
-- Name: main_job_client_id_87c916c7; Type: INDEX; Schema: public; Owner: apple
--

CREATE INDEX main_job_client_id_87c916c7 ON public.main_job USING btree (client_id);


--
-- Name: main_job_created_at_53d2ed13; Type: INDEX; Schema: public; Owner: apple
--

CREATE INDEX main_job_created_at_53d2ed13 ON public.main_job USING btree (created_at);


--
-- Name: main_job_is_acti_e80773_idx; Type: INDEX; Schema: public; Owner: apple
--

CREATE INDEX main_job_is_acti_e80773_idx ON public.main_job USING btree (is_active, created_at DESC);


--
-- Name: main_job_is_active_fb13ef02; Type: INDEX; Schema: public; Owner: apple
--

CREATE INDEX main_job_is_active_fb13ef02 ON public.main_job USING btree (is_active);


--
-- Name: main_job_locatio_56a9eb_idx; Type: INDEX; Schema: public; Owner: apple
--

CREATE INDEX main_job_locatio_56a9eb_idx ON public.main_job USING btree (location);


--
-- Name: main_job_location_9f9702ae; Type: INDEX; Schema: public; Owner: apple
--

CREATE INDEX main_job_location_9f9702ae ON public.main_job USING btree (location);


--
-- Name: main_job_location_9f9702ae_like; Type: INDEX; Schema: public; Owner: apple
--

CREATE INDEX main_job_location_9f9702ae_like ON public.main_job USING btree (location varchar_pattern_ops);


--
-- Name: main_job_title_822b9d_idx; Type: INDEX; Schema: public; Owner: apple
--

CREATE INDEX main_job_title_822b9d_idx ON public.main_job USING btree (title);


--
-- Name: main_job_title_f28c6c64; Type: INDEX; Schema: public; Owner: apple
--

CREATE INDEX main_job_title_f28c6c64 ON public.main_job USING btree (title);


--
-- Name: main_job_title_f28c6c64_like; Type: INDEX; Schema: public; Owner: apple
--

CREATE INDEX main_job_title_f28c6c64_like ON public.main_job USING btree (title varchar_pattern_ops);


--
-- Name: main_jobapp_is_appr_078e3f_idx; Type: INDEX; Schema: public; Owner: apple
--

CREATE INDEX main_jobapp_is_appr_078e3f_idx ON public.main_jobapproval USING btree (is_approved);


--
-- Name: main_jobapproval_approved_by_id_e90bc85e; Type: INDEX; Schema: public; Owner: apple
--

CREATE INDEX main_jobapproval_approved_by_id_e90bc85e ON public.main_jobapproval USING btree (approved_by_id);


--
-- Name: main_jobapproval_is_approved_ed8f8197; Type: INDEX; Schema: public; Owner: apple
--

CREATE INDEX main_jobapproval_is_approved_ed8f8197 ON public.main_jobapproval USING btree (is_approved);


--
-- Name: main_pipeli_date_34fb25_idx; Type: INDEX; Schema: public; Owner: postgres
--

CREATE INDEX main_pipeli_date_34fb25_idx ON public.main_pipelinemetrics USING btree (date DESC);


--
-- Name: main_pipelinemetrics_date_30279fe1; Type: INDEX; Schema: public; Owner: postgres
--

CREATE INDEX main_pipelinemetrics_date_30279fe1 ON public.main_pipelinemetrics USING btree (date);


--
-- Name: main_placem_job_id_87b240_idx; Type: INDEX; Schema: public; Owner: postgres
--

CREATE INDEX main_placem_job_id_87b240_idx ON public.main_placementtracker USING btree (job_id, status);


--
-- Name: main_placem_status_8d2880_idx; Type: INDEX; Schema: public; Owner: postgres
--

CREATE INDEX main_placem_status_8d2880_idx ON public.main_placementtracker USING btree (status, created_at DESC);


--
-- Name: main_placementtracker_status_740f4e72; Type: INDEX; Schema: public; Owner: postgres
--

CREATE INDEX main_placementtracker_status_740f4e72 ON public.main_placementtracker USING btree (status);


--
-- Name: main_placementtracker_status_740f4e72_like; Type: INDEX; Schema: public; Owner: postgres
--

CREATE INDEX main_placementtracker_status_740f4e72_like ON public.main_placementtracker USING btree (status varchar_pattern_ops);


--
-- Name: main_recrui_candida_02c6b6_idx; Type: INDEX; Schema: public; Owner: apple
--

CREATE INDEX main_recrui_candida_02c6b6_idx ON public.main_recruiternote USING btree (candidate_id, created_at DESC);


--
-- Name: main_recrui_recruit_f0ebb6_idx; Type: INDEX; Schema: public; Owner: postgres
--

CREATE INDEX main_recrui_recruit_f0ebb6_idx ON public.main_recruiterperformance USING btree (recruiter_id);


--
-- Name: main_recruiternote_candidate_id_446fa52c; Type: INDEX; Schema: public; Owner: apple
--

CREATE INDEX main_recruiternote_candidate_id_446fa52c ON public.main_recruiternote USING btree (candidate_id);


--
-- Name: main_recruiternote_created_at_ce585b2c; Type: INDEX; Schema: public; Owner: apple
--

CREATE INDEX main_recruiternote_created_at_ce585b2c ON public.main_recruiternote USING btree (created_at);


--
-- Name: main_stakeh_role_8d0298_idx; Type: INDEX; Schema: public; Owner: apple
--

CREATE INDEX main_stakeh_role_8d0298_idx ON public.main_stakeholder USING btree (role);


--
-- Name: main_stakeholder_role_57c0ed70; Type: INDEX; Schema: public; Owner: apple
--

CREATE INDEX main_stakeholder_role_57c0ed70 ON public.main_stakeholder USING btree (role);


--
-- Name: main_stakeholder_role_57c0ed70_like; Type: INDEX; Schema: public; Owner: apple
--

CREATE INDEX main_stakeholder_role_57c0ed70_like ON public.main_stakeholder USING btree (role varchar_pattern_ops);


--
-- Name: main_system_timesta_7a9a0c_idx; Type: INDEX; Schema: public; Owner: postgres
--

CREATE INDEX main_system_timesta_7a9a0c_idx ON public.main_systemmetrics USING btree ("timestamp" DESC);


--
-- Name: main_systemmetrics_timestamp_5f0726e5; Type: INDEX; Schema: public; Owner: postgres
--

CREATE INDEX main_systemmetrics_timestamp_5f0726e5 ON public.main_systemmetrics USING btree ("timestamp");


--
-- Name: auth_group_permissions auth_group_permissio_permission_id_84c5c92e_fk_auth_perm; Type: FK CONSTRAINT; Schema: public; Owner: apple
--

ALTER TABLE ONLY public.auth_group_permissions
    ADD CONSTRAINT auth_group_permissio_permission_id_84c5c92e_fk_auth_perm FOREIGN KEY (permission_id) REFERENCES public.auth_permission(id) DEFERRABLE INITIALLY DEFERRED;


--
-- Name: auth_group_permissions auth_group_permissions_group_id_b120cbf9_fk_auth_group_id; Type: FK CONSTRAINT; Schema: public; Owner: apple
--

ALTER TABLE ONLY public.auth_group_permissions
    ADD CONSTRAINT auth_group_permissions_group_id_b120cbf9_fk_auth_group_id FOREIGN KEY (group_id) REFERENCES public.auth_group(id) DEFERRABLE INITIALLY DEFERRED;


--
-- Name: auth_permission auth_permission_content_type_id_2f476e4b_fk_django_co; Type: FK CONSTRAINT; Schema: public; Owner: apple
--

ALTER TABLE ONLY public.auth_permission
    ADD CONSTRAINT auth_permission_content_type_id_2f476e4b_fk_django_co FOREIGN KEY (content_type_id) REFERENCES public.django_content_type(id) DEFERRABLE INITIALLY DEFERRED;


--
-- Name: auth_user_groups auth_user_groups_group_id_97559544_fk_auth_group_id; Type: FK CONSTRAINT; Schema: public; Owner: apple
--

ALTER TABLE ONLY public.auth_user_groups
    ADD CONSTRAINT auth_user_groups_group_id_97559544_fk_auth_group_id FOREIGN KEY (group_id) REFERENCES public.auth_group(id) DEFERRABLE INITIALLY DEFERRED;


--
-- Name: auth_user_groups auth_user_groups_user_id_6a12ed8b_fk_auth_user_id; Type: FK CONSTRAINT; Schema: public; Owner: apple
--

ALTER TABLE ONLY public.auth_user_groups
    ADD CONSTRAINT auth_user_groups_user_id_6a12ed8b_fk_auth_user_id FOREIGN KEY (user_id) REFERENCES public.auth_user(id) DEFERRABLE INITIALLY DEFERRED;


--
-- Name: auth_user_user_permissions auth_user_user_permi_permission_id_1fbb5f2c_fk_auth_perm; Type: FK CONSTRAINT; Schema: public; Owner: apple
--

ALTER TABLE ONLY public.auth_user_user_permissions
    ADD CONSTRAINT auth_user_user_permi_permission_id_1fbb5f2c_fk_auth_perm FOREIGN KEY (permission_id) REFERENCES public.auth_permission(id) DEFERRABLE INITIALLY DEFERRED;


--
-- Name: auth_user_user_permissions auth_user_user_permissions_user_id_a95ead1b_fk_auth_user_id; Type: FK CONSTRAINT; Schema: public; Owner: apple
--

ALTER TABLE ONLY public.auth_user_user_permissions
    ADD CONSTRAINT auth_user_user_permissions_user_id_a95ead1b_fk_auth_user_id FOREIGN KEY (user_id) REFERENCES public.auth_user(id) DEFERRABLE INITIALLY DEFERRED;


--
-- Name: django_admin_log django_admin_log_content_type_id_c4bce8eb_fk_django_co; Type: FK CONSTRAINT; Schema: public; Owner: apple
--

ALTER TABLE ONLY public.django_admin_log
    ADD CONSTRAINT django_admin_log_content_type_id_c4bce8eb_fk_django_co FOREIGN KEY (content_type_id) REFERENCES public.django_content_type(id) DEFERRABLE INITIALLY DEFERRED;


--
-- Name: django_admin_log django_admin_log_user_id_c564eba6_fk_auth_user_id; Type: FK CONSTRAINT; Schema: public; Owner: apple
--

ALTER TABLE ONLY public.django_admin_log
    ADD CONSTRAINT django_admin_log_user_id_c564eba6_fk_auth_user_id FOREIGN KEY (user_id) REFERENCES public.auth_user(id) DEFERRABLE INITIALLY DEFERRED;


--
-- Name: main_application main_application_candidate_id_52112ab6_fk_main_candidate_id; Type: FK CONSTRAINT; Schema: public; Owner: apple
--

ALTER TABLE ONLY public.main_application
    ADD CONSTRAINT main_application_candidate_id_52112ab6_fk_main_candidate_id FOREIGN KEY (candidate_id) REFERENCES public.main_candidate(id) DEFERRABLE INITIALLY DEFERRED;


--
-- Name: main_application main_application_job_id_ff44a2cf_fk_main_job_id; Type: FK CONSTRAINT; Schema: public; Owner: apple
--

ALTER TABLE ONLY public.main_application
    ADD CONSTRAINT main_application_job_id_ff44a2cf_fk_main_job_id FOREIGN KEY (job_id) REFERENCES public.main_job(id) DEFERRABLE INITIALLY DEFERRED;


--
-- Name: main_auditlog main_auditlog_user_id_8c6c79db_fk_auth_user_id; Type: FK CONSTRAINT; Schema: public; Owner: postgres
--

ALTER TABLE ONLY public.main_auditlog
    ADD CONSTRAINT main_auditlog_user_id_8c6c79db_fk_auth_user_id FOREIGN KEY (user_id) REFERENCES public.auth_user(id) DEFERRABLE INITIALLY DEFERRED;


--
-- Name: main_candidate main_candidate_user_id_8c1802a9_fk_auth_user_id; Type: FK CONSTRAINT; Schema: public; Owner: apple
--

ALTER TABLE ONLY public.main_candidate
    ADD CONSTRAINT main_candidate_user_id_8c1802a9_fk_auth_user_id FOREIGN KEY (user_id) REFERENCES public.auth_user(id) DEFERRABLE INITIALLY DEFERRED;


--
-- Name: main_client main_client_user_id_a1b993d0_fk_auth_user_id; Type: FK CONSTRAINT; Schema: public; Owner: apple
--

ALTER TABLE ONLY public.main_client
    ADD CONSTRAINT main_client_user_id_a1b993d0_fk_auth_user_id FOREIGN KEY (user_id) REFERENCES public.auth_user(id) DEFERRABLE INITIALLY DEFERRED;


--
-- Name: main_clientfeedback main_clientfeedback_candidate_id_ec536f95_fk_main_candidate_id; Type: FK CONSTRAINT; Schema: public; Owner: apple
--

ALTER TABLE ONLY public.main_clientfeedback
    ADD CONSTRAINT main_clientfeedback_candidate_id_ec536f95_fk_main_candidate_id FOREIGN KEY (candidate_id) REFERENCES public.main_candidate(id) DEFERRABLE INITIALLY DEFERRED;


--
-- Name: main_clientfeedback main_clientfeedback_job_id_f3e6d59a_fk_main_job_id; Type: FK CONSTRAINT; Schema: public; Owner: apple
--

ALTER TABLE ONLY public.main_clientfeedback
    ADD CONSTRAINT main_clientfeedback_job_id_f3e6d59a_fk_main_job_id FOREIGN KEY (job_id) REFERENCES public.main_job(id) DEFERRABLE INITIALLY DEFERRED;


--
-- Name: main_clientperformance main_clientperformance_client_id_e1d6d3d3_fk_main_client_id; Type: FK CONSTRAINT; Schema: public; Owner: postgres
--

ALTER TABLE ONLY public.main_clientperformance
    ADD CONSTRAINT main_clientperformance_client_id_e1d6d3d3_fk_main_client_id FOREIGN KEY (client_id) REFERENCES public.main_client(id) DEFERRABLE INITIALLY DEFERRED;


--
-- Name: main_feedback main_feedback_user_id_4bc6db52_fk_auth_user_id; Type: FK CONSTRAINT; Schema: public; Owner: apple
--

ALTER TABLE ONLY public.main_feedback
    ADD CONSTRAINT main_feedback_user_id_4bc6db52_fk_auth_user_id FOREIGN KEY (user_id) REFERENCES public.auth_user(id) DEFERRABLE INITIALLY DEFERRED;


--
-- Name: main_interview main_interview_application_id_0ea65392_fk_main_application_id; Type: FK CONSTRAINT; Schema: public; Owner: apple
--

ALTER TABLE ONLY public.main_interview
    ADD CONSTRAINT main_interview_application_id_0ea65392_fk_main_application_id FOREIGN KEY (application_id) REFERENCES public.main_application(id) DEFERRABLE INITIALLY DEFERRED;


--
-- Name: main_interview main_interview_candidate_id_e64f9d53_fk_main_candidate_id; Type: FK CONSTRAINT; Schema: public; Owner: apple
--

ALTER TABLE ONLY public.main_interview
    ADD CONSTRAINT main_interview_candidate_id_e64f9d53_fk_main_candidate_id FOREIGN KEY (candidate_id) REFERENCES public.main_candidate(id) DEFERRABLE INITIALLY DEFERRED;


--
-- Name: main_interview main_interview_job_id_425ee513_fk_main_job_id; Type: FK CONSTRAINT; Schema: public; Owner: apple
--

ALTER TABLE ONLY public.main_interview
    ADD CONSTRAINT main_interview_job_id_425ee513_fk_main_job_id FOREIGN KEY (job_id) REFERENCES public.main_job(id) DEFERRABLE INITIALLY DEFERRED;


--
-- Name: main_interview main_interview_scheduled_by_id_b4af282d_fk_auth_user_id; Type: FK CONSTRAINT; Schema: public; Owner: apple
--

ALTER TABLE ONLY public.main_interview
    ADD CONSTRAINT main_interview_scheduled_by_id_b4af282d_fk_auth_user_id FOREIGN KEY (scheduled_by_id) REFERENCES public.auth_user(id) DEFERRABLE INITIALLY DEFERRED;


--
-- Name: main_job main_job_client_id_87c916c7_fk_main_client_id; Type: FK CONSTRAINT; Schema: public; Owner: apple
--

ALTER TABLE ONLY public.main_job
    ADD CONSTRAINT main_job_client_id_87c916c7_fk_main_client_id FOREIGN KEY (client_id) REFERENCES public.main_client(id) DEFERRABLE INITIALLY DEFERRED;


--
-- Name: main_jobapproval main_jobapproval_approved_by_id_e90bc85e_fk_auth_user_id; Type: FK CONSTRAINT; Schema: public; Owner: apple
--

ALTER TABLE ONLY public.main_jobapproval
    ADD CONSTRAINT main_jobapproval_approved_by_id_e90bc85e_fk_auth_user_id FOREIGN KEY (approved_by_id) REFERENCES public.auth_user(id) DEFERRABLE INITIALLY DEFERRED;


--
-- Name: main_jobapproval main_jobapproval_job_id_95d447b3_fk_main_job_id; Type: FK CONSTRAINT; Schema: public; Owner: apple
--

ALTER TABLE ONLY public.main_jobapproval
    ADD CONSTRAINT main_jobapproval_job_id_95d447b3_fk_main_job_id FOREIGN KEY (job_id) REFERENCES public.main_job(id) DEFERRABLE INITIALLY DEFERRED;


--
-- Name: main_placementtracker main_placementtracke_hired_candidate_id_38f5954e_fk_main_cand; Type: FK CONSTRAINT; Schema: public; Owner: postgres
--

ALTER TABLE ONLY public.main_placementtracker
    ADD CONSTRAINT main_placementtracke_hired_candidate_id_38f5954e_fk_main_cand FOREIGN KEY (hired_candidate_id) REFERENCES public.main_candidate(id) DEFERRABLE INITIALLY DEFERRED;


--
-- Name: main_placementtracker main_placementtracker_job_id_871225e9_fk_main_job_id; Type: FK CONSTRAINT; Schema: public; Owner: postgres
--

ALTER TABLE ONLY public.main_placementtracker
    ADD CONSTRAINT main_placementtracker_job_id_871225e9_fk_main_job_id FOREIGN KEY (job_id) REFERENCES public.main_job(id) DEFERRABLE INITIALLY DEFERRED;


--
-- Name: main_recruiternote main_recruiternote_candidate_id_446fa52c_fk_main_candidate_id; Type: FK CONSTRAINT; Schema: public; Owner: apple
--

ALTER TABLE ONLY public.main_recruiternote
    ADD CONSTRAINT main_recruiternote_candidate_id_446fa52c_fk_main_candidate_id FOREIGN KEY (candidate_id) REFERENCES public.main_candidate(id) DEFERRABLE INITIALLY DEFERRED;


--
-- Name: main_recruiterperformance main_recruiterperformance_recruiter_id_4c588f36_fk_auth_user_id; Type: FK CONSTRAINT; Schema: public; Owner: postgres
--

ALTER TABLE ONLY public.main_recruiterperformance
    ADD CONSTRAINT main_recruiterperformance_recruiter_id_4c588f36_fk_auth_user_id FOREIGN KEY (recruiter_id) REFERENCES public.auth_user(id) DEFERRABLE INITIALLY DEFERRED;


--
-- Name: main_stakeholder main_stakeholder_user_id_72b216f1_fk_auth_user_id; Type: FK CONSTRAINT; Schema: public; Owner: apple
--

ALTER TABLE ONLY public.main_stakeholder
    ADD CONSTRAINT main_stakeholder_user_id_72b216f1_fk_auth_user_id FOREIGN KEY (user_id) REFERENCES public.auth_user(id) DEFERRABLE INITIALLY DEFERRED;


--
-- PostgreSQL database dump complete
--

\unrestrict dciOSO5InFbdp26rkQCFHXHkPuByhEpKt8xfoPiWBcxrExe2byd9xt1g1fIqUOd

